"type","value","source"
"hash_sha1","062A869CAAC496D0182DECFADC57A23057CAA4AB","public"
"hash_sha1","07647F0EDDF46D19E0864624B22236B2CDF561A1","public"
"hash_sha1","08DAF84D9C2E9C51F64E076E7611601C29F68E90","public"
"hash_sha1","133BC4304057317B0B93F5FF44F20D153B985B50","public"
"hash_sha1","1A167B65BE75FD0651BBDA072C856628973A3C1E","public"
"hash_sha1","1CC97E490B5F8A582B6B03BDBA58CB5F1A389E78","public"
"hash_sha1","1D1E007A9D8939BEE7A0333522CC4F7480D448CC","public"
"hash_sha1","1FCC44D3B20381ACCE66F5634743917E8F22DAE7","public"
"hash_sha1","2D1537E92878A3A14B5B3F55B32C91B099513AE0","public"
"hash_sha1","3278324744E14DDF4F4312D375F82B31026F51B5","public"
"hash_sha1","33DDAEDC98991435F740F7A5A8A931A8CADD5391","public"
"hash_sha1","5639FA1FA389ED32F8A8D1EBADA8BBBE03AC5171","public"
"hash_sha1","74262A750437B80ED15AECA462172B50D87096E5","public"
"hash_sha1","744E5181E76C68B8B23A19B939942DE9E1DB1DAA","public"
"hash_sha1","758C73AB9706AE6977F9B4601C20B3667836D3EF","public"
"hash_sha1","83C851F265F6D7DC9436890009822F0C2D4BA50A","public"
"hash_sha1","911D9F05E1C57A745CB0C669F3E1B67AC4A08601","public"
"hash_sha1","985FD1F74EB617B1FEA17095F9E991DCACEEC170","public"
"hash_sha1","A0338654304B6F824BDC39BBB482A0E114F8A3A1","public"
"hash_sha1","AE467B8593E340194DC73DC3DB6363C3E73CA970","public"
"hash_sha1","B84604CAD2F3A80FB50415AA069CCE7AF381E249","public"
"hash_sha1","CD62A9AB320B4F6BE49BE11C9B1D2D5519CC4860","public"
"hash_sha1","DDC7315A3903974624DFD750A374C37C9C67C6DD","public"
"hash_sha1","DF39AB90C89AA77A92295721688B18E7F1FDB38D","public"
"hash_sha1","DF9FB41BFFBB7479776D1D9A1EECDBB94ABDF99B","public"
"hash_sha1","EA6D12E4A465A7A44CBAD12659ADE8A4999D64D1","public"
"hash_sha1","F08F036A0C79A53F6B0C9AD84FB6EAC1AC79C168","public"
"hash_md5","0216FFC6FB679BDF4EA6EE7051213C1E","public"
"hash_md5","0620FA617BC9EF32B93ADCF40FE291A4","public"
"hash_md5","0734A2C3E827CCF558DAF48290D06D8C","public"
"hash_md5","09BCFE1CCF2E199A92281AADE0F01CAF","public"
"hash_md5","17190C7E5163B5C115E3D470F568EE5F","public"
"hash_md5","218261DAA1ADBD5484B29BF7F959B57A","public"
"hash_md5","313F9BBE6DAC3EDC09FE9AC081950673","public"
"hash_md5","322579B54E4C6FECABEEE9CDB75233D8","public"
"hash_md5","3BCB06BFD037D20132B11C49F21940E5","public"
"hash_md5","3D9961991E7AE6AD2BAE09C475A1BCE8","public"
"hash_md5","41FFC15C24259156DB000AF297C71703","public"
"hash_md5","433480F7D8642076A8B3793948DA5EFE","public"
"hash_md5","6008E6C3DEAA08FB420D5EFD469590C6","public"
"hash_md5","70C964B9AEAC25BC97055030A1CFB58A","public"
"hash_md5","872C2DDF6467B1220EE83DCA0E118214","public"
"hash_md5","89921E5F39407A5E63DF013468181991","public"
"hash_md5","96EC8798BBA011D5BE952E0E6398795D","public"
"hash_md5","A694CCDB82B061C26C35F612D68ED1C2","public"
"hash_md5","ADABF920682FAC1E6A81E655B1182590","public"
"hash_md5","BD8043127ABE3F5CFA61BD2174F54C60","public"
"hash_md5","D36A67468D01C4CB789CD6794FB8BC70","public"
"hash_md5","D67EE7AE28A09BF7F6D33118A9D07527","public"
"hash_md5","E0BCE049C71BC81AFE172CD30BE4D2B7","public"
"hash_md5","E930B05EFE23891D19BC354A4209BE3E","public"
"hash_md5","E9726519487BA9E4E5589A8A5EC2F933","public"
"hash_md5","F42BA43F7328CBC9CE85B2482809FF1C","public"
"ip","124.235.147.90","public"
"ip","147.45.199.16","public"
"ip","170.39.193.232","public"
"ip","172.232.38.103","public"
"ip","172.232.38.224","public"
"ip","172.235.166.10","public"
"ip","172.235.166.240","public"
"ip","194.120.230.54","public"
"ip","49.12.210.140","public"
"ip","74.48.175.44","public"
"ip","93.123.85.135","public"
"url","http://172.86.84.38:1224/client/9/902","public"
"url","http://172.86.84.38:1224/pdown","public"
"url","http://172.86.84.38:1224/uploads","public"
"url","http://45.155.249.215/xxx.zip","public"
"url","http://www.farrarscieng.com/re.php","public"
"url","https://3650ffice.anticlouds.su/Fraud_Alert_black","public"
"url","https://binance-web3.com.ru/BinanceSetup.exe","public"
"url","https://binance-web3.com.ru/downIoad.html","public"
"url","https://ctrk.klclick2.com/l/01JNRGM3JYQC3X8C47X9EN8SER","public"
"url","https://dashing-cassata-b94dd5.netlify.app","public"
"url","https://eloquent-chebakia-e2667a.netlify.app","public"
"url","https://farmagrupodw.com/temp/dlated.exe","public"
"url","https://kalika.bluetrait.io/api","public"
"url","https://kick.am","public"
"url","https://klck.ai","public"
"url","https://online.invoicesing.es/Bin/Attachment.Client.exe?h=instance-w08c5r-relay.screenconnect.com&p=443&k=BgIAAACkAABSU0ExAAgAAAEAAQBtb%2FXciCJO5hHyAR3NG5qwkHgKE4K5jxeGBs35Nlncjh1l6g%2B23I88rvlqmL%2FU%2BHDK35q63nY%2BZ%2BacGdqbEGbCs9%2BC5ELjJTyrUFEL0gVqegeArzyszYoIS4ijuI8mGGKzW9tytW5tQhqCPuQeWdSbe0f0ttBWIUk6MfP0L7WpImwpbDzvxtmyMWSxZ8JZg39F6e1w8cQHzLH0aqJX9uvQgIvogbJB0mFXWURVi9ErahW%2BwkXWptsr99acbACeWvHhej11zT9ZPHMMaluuXTiYnS06xPJTJZglT5hvMbl15uReewBWhhwiEVa2S%2BD%2BCQEQGLsz1dpJNd543dQllUPh&s=c242c8a1-6914-4689-8deb-67789c4f3a34&i=&e=Support&y=Guest&r=","public"
"url","https://online.invoicesing.es/Bin/Statement.ClientSetup.exe?e=Access&y=Guest&c=Black_Cat&c=&c=&c=&c=&c=&c=&c=\","public"
"url","https://overcoatpassably.shop/Z8UZbPyVpGfdRS/maloy.mp4","public"
"url","https://plsverif.cfd/1.zip","public"
"url","https://pnwthrive.com","public"
"url","https://region-businesss-esignals.s3.us-east-1.amazonaws.com/region-businesss-esignals-46980.html","public"
"url","https://retireafter5m.co/Bin/Recently_S_S_A_eStatementForum_Viewr5406991387785667481_Pdf.Client.exe?e=Access&y=Guest&s=1fa76235-0891-43b3-9773-feba750a3852&i=Buss1","public"
"url","https://rumble.tube","public"
"url","https://safelink.vn/GESLx","public"
"url","https://safelink.vn/OsDXr","public"
"url","https://ssastatementshelpcenter.de/top","public"
"url","https://steamcommunity.com/profiles/76561199724331900","public"
"url","https://tlgrmverif.cyou/log.php","public"
"url","https://twitch.co.com","public"
"url","https://twitch.team","public"
"url","https://twltch.lol","public"
"url","https://twltch.uno","public"
"url","https://wirybringero.shop/api","public"
"url","https://www.suarakutim.com/temp/hosebird.rpm","public"
"url","https://www.suarakutim.com/temp/wspconfig.rpm","public"
"hash_sha256","019BA14B03B42A1D3F3496659573E8BA9440340EA16166C3E294164F9BB8F3EF","public"
"hash_sha256","033F50893BE3BB35EC8CC358D6D7FC764D327B00158617F8DEAC08A60E5F6883","public"
"hash_sha256","0368BF651D5CE7E58305DD300A428D12E6A64D456A4805E845CB1985196BB5FC","public"
"hash_sha256","04DBC65A0EC0A3D95AEEC8161816352A22CE74C19FCD002F631879E990C2D468","public"
"hash_sha256","0608775A345C5A0869418FFDDD1F694CB888FE8ACDE6D34543516DB1A01E3EF8","public"
"hash_sha256","0877653F6A24639BB02B547C94F670597C3C0CD96DF910A2AC891EAEAA9CC5F3","public"
"hash_sha256","0A20A60EF5151F8ADAF9DCD819F970D9AFF20D8EB8F905FBA55CCC0E91C446BE","public"
"hash_sha256","0AE3E6A8AF0D7657F820986291DAB1F071007DE4197214C976893EB78E8E200F","public"
"hash_sha256","0C401D88CA37C0F3082C17B31112B79A9BBC08224E9566E9DAF130ED07F25E15","public"
"hash_sha256","11E0596F453CCF8F30BA8177E7DF50517E364326585D1CEFB4C59DE277B0F6AA","public"
"hash_sha256","159057BA35F3454424A4901866DE6DE286BD11715E975D4D124D33B2E83055C7","public"
"hash_sha256","15C80B5BE235BF2A8C38291EB697A702C07DDE087EB459E9EA46A2BEE17C5F03","public"
"hash_sha256","18D93547B1F14B452B7AD053A1A93122864D810D82A48ECC391D6D6B44FFD661","public"
"hash_sha256","1F51F00B06D5C0358B662AF01DB9690D1EB379B33B1BF7A161BA2B6FE53D6574","public"
"hash_sha256","20217810AED81399374FEC1F556B1537FA35B6499133F65E08EEDA324A72680F","public"
"hash_sha256","28A4EFF21C27F9E3B0E7B5383ABB407E0A3D69BFC1D094DDD4F0B5C18425C523","public"
"hash_sha256","28DC3771DC4AA5D8A19BA732479F3719C276E62CFFD0FE8ADE6159A1FD3BA880","public"
"hash_sha256","2BC694A9A6FC03043472F6FB88D3EEDA31722FACF5659AA7EDDB13C29A8FB754","public"
"hash_sha256","2BE90FEEA3580358A7AB90D744B7C3028C8E7694863672A8A30F021B284CC94A","public"
"hash_sha256","2DA6D8FA510E66AE79BAB6B12849B123BB9B88D23DE3B0B383E7F48F9E9CFF69","public"
"hash_sha256","30A17C5C65FE87D961AEA290E97E8AA09A03C20D257E22D8AC63F5A7B67C0C6B","public"
"hash_sha256","3131FC2F253CCF46134987157EA51F77EE367C48D469A145B598F16B9E8281FC","public"
"hash_sha256","31E9EA58C807633DBCC680303F1F741E2A6E58747E040E98DB133E076C6CBBED","public"
"hash_sha256","3367442F903D854AEE965023734F25BFB4BCA6C852D29DCB5774B9E64707FF4B","public"
"hash_sha256","346EC63BDDAD6B1889D6647ED43DCD71432F687BA8642B726AC67F08E415D77E","public"
"hash_sha256","35BFF2270DAA66D092AFAF7E6CFA3210790E1D17DD77E0AF94B361DBF632B571","public"
"hash_sha256","3751997CFCB038E6B658E9180BC7CCE28A3C25DBB892B661BCD1065723F11F7E","public"
"hash_sha256","3B86B107B36AA1224DF2E46419F2652682C67F99222011FD63F7AB3ED43AB1D5","public"
"hash_sha256","3E88E710043B3CC9BF1AF3B373828E9EF023ABA5D697A82A9A568AE9E45CC544","public"
"hash_sha256","40B87A40B2DE80BC5A8CC40CD1667A3DED9B01211487A3AEA8E11225994B0F21","public"
"hash_sha256","40F0A201E85E6CF32C48A0CFC496A55A4BB87E8C13174E6C583DE9BF7ED70590","public"
"hash_sha256","4244EF7FF56A2DAB17F06C98131F61460EC9CA7EEC6F7CB057D7E779C3079A65","public"
"hash_sha256","4304A7028616787990476CEB92CE98842C8E049278AD9E4AFA24A1FCF1DAD782","public"
"hash_sha256","43896ED73BF5565DACACD3921AF42B0D0F484F69695187C249AD40D86A3AEC59","public"
"hash_sha256","47B28D3D1AB89E207F7D634B53622960931431DCBF73FC26875659A0C20BD70D","public"
"hash_sha256","48B7AAE41C1F229DADD80E7635A142175CBA75D03D54F08952269720C5F2735B","public"
"hash_sha256","4C4E15513337DB5E0833133F587E0ED131D4EBB65BB9A3D6B62A868407AAE070","public"
"hash_sha256","4D577320B4875FCD7E7E65AECE5BD4E3040772E4030A0D671570FCC9337FAB72","public"
"hash_sha256","504CC73800ED86C7627234A1D092EFA14ABCEA667AA084191E34FFF2A3EDC167","public"
"hash_sha256","51267FBD6AA2D09FD1ECD4C9F52557AA85F3F5AF0C60223AEA55ACB562DF9AA8","public"
"hash_sha256","519A389D0D183FA5CAE0390CE8CC2716247B8F50332DE8E4FC8BEE5026C8BA70","public"
"hash_sha256","52634530F53DFCE289317B2C4057811136FBBE873211D01E150AC32A94DD0F4A","public"
"hash_sha256","5322F5EEB9E789FE63A89CE7852C24593B8B2B6233D855A1646116C14BB8E88E","public"
"hash_sha256","53D2B22B91F39305B436A08EF9280D4A8FA3BD038D834B1ABEADB792F8E086A1","public"
"hash_sha256","54CB466D399CE2D3FD24B1B800E276100C3272522FF84DAB4BB1DE73E5EAECDE","public"
"hash_sha256","555CA3B4A1E17F832D477F365A660775ACC10D59A51D7CC194E6249B5C0BA58F","public"
"hash_sha256","5906FE2B69A5874697B84882DF732F77DD3160221D0746F9688E9AA9B8E0AF31","public"
"hash_sha256","5995AAFF5A047565C0D7FE3C80FA354C40E7E8C3E7D4DF292316C8472D4AC67A","public"
"hash_sha256","5BEF7608D66112315EEFFF354DAE42F49178B7498F994A728AE6203A8A59F5A2","public"
"hash_sha256","5DFC8FF180AE4E6C5852AB2FD3CF83C37F324A7566D2169B6ADBE4CDD10B532B","public"
"hash_sha256","5F75A50AE9F6252D1F0F135726F4A605F4148EE36C9D36C4B2D3FA6404E03B10","public"
"hash_sha256","612FBFEBFDCC12D6EAA20F22835A1A360A747C043AE1058070D4A71EF20A59DA","public"
"hash_sha256","62F035A79382BF50E9959FCB272C19D5AAC64A7409DEEBF7C8E9B597F3954DB4","public"
"hash_sha256","63F6BB98A3E3256F528734F1DEDA5524D97EF3540FB2A06624C92716BA1456FD","public"
"hash_sha256","682F7884B06695A44F19077EB5CD21F1823347B070C8A3773BACEBFC0439B8B8","public"
"hash_sha256","68A0F5040DCF9B7881D1557CAD827275271027906F830F6EE90E5521A00B72E4","public"
"hash_sha256","6F0BC6D96340807BAB7A76D132444DC3BA21D99A4C825BCD07363E8D1340CC85","public"
"hash_sha256","70FB59AC30B0FA16FEC656CCA60BC743A32CE6222E9FBDC1896BB2AFAD3EB868","public"
"hash_sha256","72C5F9A11F126B4D1B79AC81BD03787622F2109560CEEFA762EA0C3A9E1A5E7B","public"
"hash_sha256","75AD7E1857D39EB1554C75D1F52AA4C14318896A7AEBBC1D10E673AEE4C2CA36","public"
"hash_sha256","794D1FF3B3FE275B49138F82B0CC597C35E1FC0A91BE3136729598D97F1086FF","public"
"hash_sha256","79B898274B1AF26AC29F8BD23887244BB3766968B46D5E1012CC4485C6291CE9","public"
"hash_sha256","7AA0D53BC4A08E7B61AA283C39BECCF7364AFC2174FFC958B3C5FD2D56DD9554","public"
"hash_sha256","7AE38A27494DD6C1BC9AB3C02C3709282E0EBCF1E5FCF59A57DC3AE56CFD13B4","public"
"hash_sha256","7BF9BE59DB4C55F5B372576B7BAAA25CFF2716D2F7E24DB1B98724A0E0927ECB","public"
"hash_sha256","7C2A3A41217DA8A2A7D4B72BB5F0C5F45E2B7C6518526101F64B534070651DFC","public"
"hash_sha256","7E658C7C9A1BE6EBD7AF0150FA6FA289D59822B4E771167E13BEDE5C9A622448","public"
"hash_sha256","8004DF38975733770A7E2A0C71D284BC3439EB7EE74077F950AD7C0BAF2512AA","public"
"hash_sha256","80AF77DC9C38A3BBFB68FA66635BB3F202D72DC093305D1218BB85811CE018C9","public"
"hash_sha256","844BE559DEBDDEC75F460FAA912490DAB6EA400FE325E59B91DF250C1E1AD4FC","public"
"hash_sha256","879B9BA401A3B8B580980EA31050A35DD849AD3B6E00338CB81D106BBC02963F","public"
"hash_sha256","8B10E9C4E8C475FB7357E97205A0E3C8857908DBA93846F7C771E06726DB99FA","public"
"hash_sha256","8F2541E5C425E6353BA1170079B238632ACB21498415861C1FD27A8615A86336","public"
"hash_sha256","905B18D5DF58DD6C16930E318D9574A2AD793EC993AD2F68BCA813574E3D854B","public"
"hash_sha256","9063336B99527F9F46B1D1F1D0DB44143B30F478CC708E217525C58CDE5FDDCD","public"
"hash_sha256","909ED8A1351F9A21EBDD5D8EFB4147145F12D5D24225DBD44CD2800A1F94A596","public"
"hash_sha256","9111AD2A4BC21A6C6A45507C59B7E35151B8C909F4BB1238CC2B1D750FC6FE89","public"
"hash_sha256","96AA71F70D16E2784488FAD332AC65287F33D059CDE4CD2858B0DAB85340BA0D","public"
"hash_sha256","98380EC6BF4E03D3FF490CDC6C48C37714450930E4ADF82E6E14D244D8373888","public"
"hash_sha256","9B8CAE953C8F3DCB8E9E09D387D217FEA8FDF07C5E3001813A26D83AF7FCB4CC","public"
"hash_sha256","9F6BFE55961AE4B657DD1E7B3F488B49133CD2CD89D89D3F1052FC5D28287DE6","public"
"hash_sha256","A439F188BE62856F9DC6668D11C691C031C1CB5A9574A5CAB5CFC1856C7C7676","public"
"hash_sha256","AF9C847CC0A204E969A0FAB93AE676B06222892AFC5271186604E348852BAD37","public"
"hash_sha256","B2528CB39295490B53428A98FEFAFDE2D5F32C957B268F528B66756AD8AB6896","public"
"hash_sha256","B2BCBC0FB471660632B6589FA96656F935F72AD5308E9B659B2E59ACAF820E02","public"
"hash_sha256","B2F188B9E27D4A877E506457667A97C39F6805A597FCEB1DC729E6A3F2CF6639","public"
"hash_sha256","B3E8B610EFC0EEF57332E50C29B54B0DA5F497DE1452D5E178009A0F354D7058","public"
"hash_sha256","B6180699E895945D6178A61FD8228576629ED0FA03DE54D78E7EE16F271F1522","public"
"hash_sha256","B6B68CDAC6CDB3956DC8B7C11454E4F493FBD9157F902FFD2539545D6F7315C7","public"
"hash_sha256","B8837D659BB88ADC0348DE027D33D9C17E6D1EE732B025928E477DC2802CB256","public"
"hash_sha256","B8FD2B4601B09AACD760FBEDE937232349BF90C23B35564AE538ED13313C7BD0","public"
"hash_sha256","BA8565D459CBCC972BBCA96122881E85F5736F4E7B56383853190C95D0334B5D","public"
"hash_sha256","BA8D7017545747BC1BC609277AF26A0C8C1FA92541C0290DD9D8570D59FACA97","public"
"hash_sha256","BB276B2DD3726F3A712E0904EF87D41D133CD36A72ECB97DA8CEFC6BA0D33A30","public"
"hash_sha256","BDE4436AAC1E27FE22B134CADC1E19DD954D350A5619C3593EFAC659AB1BBEFD","public"
"hash_sha256","BE4FADB015D35092F3EE59938A3E68C671DE8C075F04E90FD819B61C383D4501","public"
"hash_sha256","C08D8E742A34E9DC610ED5276E5CD0DCAD4F6139A03DDA07D9292D50FFD47D39","public"
"hash_sha256","C0EC15E08B4FB3730C5695FB7B4A6B85F7FE341282AD469E4E141C40EAD310C3","public"
"hash_sha256","C1FE08DEFD1651508B32FFE38892B52A519570F78E457467CCACB6FAE46B2439","public"
"hash_sha256","C3DCE9C45B659118211B573A802ECAC94DEDE201D59B2A5DCED29D68B7A82F3B","public"
"hash_sha256","C792CE87BA1B0DC37CF3D2D2B4AD3433395AE93E0F1AE9C1140D097D093C1457","public"
"hash_sha256","C7BDCEBE60356900DC4B4F8BC8B75ACC1536DF33AE7A1049BFA27192B8C62D0A","public"
"hash_sha256","C9AA237A2A30B901D52D0074731B5AC57F70322F1FDE81F6794588C17D6BB268","public"
"hash_sha256","CC8E4C0C2E126938B827ACFCEC306DC9811D4AAF00934D397E3841FD6352F4D1","public"
"hash_sha256","CCF58B300EC2A7D491CBD492373CCF5175056F55D4843889AD15C3F0B2DB815F","public"
"hash_sha256","D0C8C833E2DE4F7D0D92FEBC6A9845CF2A2438013A9362CEFE0878897BD322A4","public"
"hash_sha256","D105BB3F3C7CD6DA8B9A740FCB3537E731ED85F2BAB862B7F551EE41605C52BB","public"
"hash_sha256","D92C28680AF30136DFD52852EDDC07E5197AFE039D84F5B2255B14AE8E15AC02","public"
"hash_sha256","DB82442D83C116211531F104B77ADC5C45CF531315CAFBD8F6E1F9C5DEC6C0D4","public"
"hash_sha256","DCBC1A43E1EE9D4C4C5A426CE862B151973545111F69F5B1C036E46E801ACC82","public"
"hash_sha256","DD0396754DF3ACA8A482242EEBFA92DB7433781EBDD679507E329E34D4065C98","public"
"hash_sha256","E060A451A4F310D4E4BC05A63B9027896B3126642182D8B176119B975689F217","public"
"hash_sha256","E0C27D9A377E5F18AE850D1D0EF1D69934934CABDB95172E21FE0E36807243C8","public"
"hash_sha256","E1070A6B5A406CE70CF1D1655169A4EC36FB69114C3064F00D28CC01CEDFB0E8","public"
"hash_sha256","E1DE05A2832437AB70D36C4C05B43C4A57F856289224BBD41182DEEA978400ED","public"
"hash_sha256","E2864BD791DF7E060B43598F04BE86C839E9907A1FA9C3614205B5139542D8C1","public"
"hash_sha256","E2CE2A05D4B70EA4DFACBC60477F2F1FAC7B521B28650FE726D77D7999F57759","public"
"hash_sha256","E33E05D3182F46F65554FDA2127D9D1D415A986B6C635485B323558A1821F56A","public"
"hash_sha256","E4CCE18562FDDC70C71A8969141C56ADEB56032196F05E10524374C1EB398D7D","public"
"hash_sha256","EA0DBC5CA8E96D8940337C5D19574498A4B398847049E62AF14F1D98346638B2","public"
"hash_sha256","EB673D5C936238EED457BFE41AD02F2081F3EF42DD5F3935A0BB11394574C60D","public"
"hash_sha256","EE6F9B6E8F2C0B37B906914CD640B7BDE1A903545035EB4861DBA5F1EC0317A9","public"
"domain","authentication-safeguard.com","public"
"domain","bigcatllover123.cfd","public"
"domain","bot.merisprivate.net","public"
"domain","cnc.merisprivate.net","public"
"domain","cnc.ziparchive.xyz","public"
"domain","codxefusion.top","public"
"domain","cryptocurrencytrends.click","public"
"domain","dhl.com-new.xin","public"
"domain","distribution-berachain.net","public"
"domain","distribution-hyperfoundation.net","public"
"domain","driveks.com-jds.xin","public"
"domain","e-zpassiag.com-courtfees.xin","public"
"domain","e-zpassny.com-ticketd.xin","public"
"domain","earthsymphzony.today","public"
"domain","ezdrive.com-2h98.xin","public"
"domain","ezdrivema.com-citations-etc.xin","public"
"domain","ezdrivema.com-securetta.xin","public"
"domain","farmingtzricks.top","public"
"domain","fedex.com-fedexl.xin","public"
"domain","gadgethgfub.icu","public"
"domain","getipass.com-tickeuz.xin","public"
"domain","hardrwarehaven.run","public"
"domain","hardswarehub.today","public"
"domain","instance-udm3tv-relay.screenconnect.com","public"
"domain","invoice007.zapto.org","public"
"domain","overcoatpassably.shop","public"
"domain","plsverif.cfd","public"
"domain","quietswtreams.life","public"
"domain","retireafter5m.co","public"
"domain","st0746.net","public"
"domain","sunpass.com-ticketap.xin","public"
"domain","techmindzs.live","public"
"domain","techspherxe.top","public"
"domain","thetollroads.com-fastrakeu.xin","public"
"domain","tlgrm-redirect.icu","public"
"domain","tlgrmverif.cyou","public"
"domain","toppyneedus.biz","public"
"domain","usps.com-tracking-helpsomg.xin","public"
"domain","virtuehub.one","public"
"domain","windows-update.site","public"
